 ,SUBJECT CODE,DESCRIPTION,UNITS,DAY,TIME,SCHED ID,ROOM,Name of Faculty,Google Classroom LINK(Use GRC Google Account),Modality,"Remarks on Changes, If Any (PH)",,
IT 101,IT 101,,,,,,,,,,,,
,SUBJECT CODE,DESCRIPTION,UNITS,DAY,TIME,SCHED ID,ROOM,Name of Faculty,Google Classroom LINK(Use GRC Google Account),Modality,"Remarks on Changes, If Any (PH)",,
,ITC,Introduction to Computing LEC,2,Tue,07:30 AM-09:30 AM,39633,ONLINE,MR. MACINAS,https://classroom.google.com/c/ODY4Nzc4MzMyOTk2?cjc=4jgsqpht,ONLINE,,,
,ITCL,Introduction to Computing LAB,1,Wed,07:30 AM-10:30 AM,39640,LAB2,MR. MACINAS,,HYFLEX A,,,
,ITP1,Computer Hardware and Troubleshooting LEC,2,Tue,09:30 AM-11:30 AM,39737,ONLINE,MR. MACINAS,https://classroom.google.com/c/Nzk4MzM5MTQzMzU4?cjc=fzizoz3w,ONLINE,,,
,ITP1L,Computer Hardware and Troubleshooting LAB,1,Thu,07:30 AM-10:30 AM,39741,3A,MR. MACINAS,,HYFLEX A,,,
,ITP2,Fundamentals of Programming LEC,2,Tue,11:30 AM-01:30 PM,39811,ONLINE,MS. PUNZALAN,https://classroom.google.com/c/ODU1MzkwMTM5MDM0?cjc=tidymz3m,ONLINE,,,
,ITP2L,Fundamentals of Programming LAB,1,Sat,07:30 AM-10:30 AM,39813,3A,MS. PUNZALAN,,HYFLEX A,,,
,KOMFIL,Kontekstwalisadong Komunikasyon sa Filipino,3,Sat,10:30 AM-01:30 PM,39856,3B,MS. FERNANDEZ,https://classroom.google.com/c/ODY4ODQzNjg1Mjc2?cjc=ahvqwxtj,HYFLEX A,,  ,
,LEAD 1,Leadership 1,1.5,Wed,01:30 PM-03:00 PM,39933,5E,Coach. Jude Salonga,2viq4jqh ,HYFLEX A,,,
,MATHWRLD,Mathematics in the Modern World,3,Fri,07:30 AM-10:30 AM,39883,3A,MS. OLVIS,https://classroom.google.com/c/ODY4ODUwMDMwODI2?cjc=374vmdz2,HYFLEX A,,,
,NSTP 1,National Service Training Program 1,3,Wed,10:30 AM-01:30 PM,39984,5F,JAY B. EVANGELISTA,https://classroom.google.com/c/ODcwNDk0NDA0MzM3?cjc=gx3lgtaa,HYFLEX A,,,
,PATHFIT1,Physical Activity Towards Health and Fitness,2,Fri,10:30 AM-12:30 PM,40012,PE ROOM,MR. SALAZAR,https://classroom.google.com/c/ODU1MzY1NTI2NjIy?cjc=rxdhbctm,HYFLEX A,,,
,PHILHIST,Readings in Philippine History,3,Sat,02:00 PM-05:00 PM,40052,5G,MS. PABELARIO,https://classroom.google.com/c/ODY4ODM0MDg3MTY0?cjc=b4rbgyih,HYFLEX A,,,
,PURPCOMM,Purposive Communication,3,Thu,02:00 PM-05:00 PM,40093,3B,MS. GALLEN,https://classroom.google.com/c/ODU1Mzc4NTc2MTM4?cjc=riwlz24s,HYFLEX A,,,
,UNDSELF,Understanding the Self/Pagunawa sa Sarili,3,Thu,10:30 AM-01:30 PM,40135,3B,MS. ALARIAO,https://classroom.google.com/c/ODU1MzgxNTU5OTMx?cjc=eild5k3o,HYFLEX A,,,
,********NOTHING FOLLOWS********,,30.5,********NOTHING FOLLOWS********,,,,,,,,,
,,,,,,,,,,,,,
,,,,,,,,,,,,,
IT 102,IT 102,,,,,,,,,,,,
,SUBJECT CODE,DESCRIPTION,UNITS,DAY,TIME,SCHED ID,ROOM,Name of Faculty,Google Classroom LINK(Use GRC Google Account),Modality,"Remarks on Changes, If Any (PH)",,
,ITC,Introduction to Computing LEC,2,Tue,05:00 PM-07:00 PM,39676,ONLINE,MR. MACINAS,https://classroom.google.com/c/ODU1MzYxNzQ2ODU1?cjc=mgjfhwmp,ONLINE,,,
,ITCL,Introduction to Computing LAB,1,Wed,10:30 AM-01:30 PM,39678,LAB2,MR. MACINAS,,HYFLEX A,,,
,ITP1,Computer Hardware and Troubleshooting LEC,2,Tue,07:00 PM-09:00 PM,39749,ONLINE,MR. MACINAS,https://classroom.google.com/c/ODY4Nzc4MzUzMTQ3?cjc=m3vmy2rc,ONLINE,,,
,ITP1L,Computer Hardware and Troubleshooting LAB,1,Thu,10:30 AM-01:30 PM,39753,3A,MR. MACINAS,,HYFLEX A,,,
,ITP2,Fundamentals of Programming LEC,2,Tue,03:00 PM-05:00 PM,39817,ONLINE,MS. PUNZALAN,https://classroom.google.com/c/ODY4ODg1OTMyMDU2?cjc=csotes6l,ONLINE,,,
,ITP2L,Fundamentals of Programming LAB,1,Sat,10:30 AM-01:30 PM,39819,3A,MS. PUNZALAN,,HYFLEX A,,,
,KOMFIL,Kontekstwalisadong Komunikasyon sa Filipino,3,Sat,07:30 AM-10:30 AM,39860,3B,MS. FERNANDEZ,https://classroom.google.com/c/ODY4ODQ0MDAxMjEx?cjc=546gfvaz,HYFLEX A,,,
,LEAD 1,Leadership 1,1.5,Tue,10:30 AM-12:00 PM,39939,5E,Coach. Rodolfo Loreto,https://classroom.google.com/c/ODcwMzgxODAzNjc3?cjc=gmgi334y,HYFLEX A,,,
,MATHWRLD,Mathematics in the Modern World,3,Wed,07:30 AM-10:30 AM,39891,3A,MS. OLVIS,https://classroom.google.com/c/ODY4ODQ4NTYzNDUz?cjc=e4jog7fq,HYFLEX A,,,
,NSTP 1,National Service Training Program 1,3,Tue,07:30 AM-10:30 AM,39988,5F,MR. MICHAEL JOHN E. SILVERIO,https://meet.google.com/hir-oaop-vxc      dldqsm3t,HYFLEX A,,,
,PATHFIT1,Physical Activity Towards Health and Fitness,2,Tue,01:00 PM-03:00 PM,40019,PE ROOM,MR. SALAZAR,https://classroom.google.com/c/Nzk4MzQxODQ0NjMw?cjc=wo7tsfrd,HYFLEX A,,,
,PHILHIST,Readings in Philippine History,3,Thu,02:00 PM-05:00 PM,40054,5B,MR. LEI,https://classroom.google.com/c/ODU1NDE0MzA4MTAx?cjc=agod3yi3,HYFLEX A,,,
,PURPCOMM,Purposive Communication,3,Wed,02:00 PM-05:00 PM,40098,3B,MS. GALLEN,https://classroom.google.com/c/ODU1Mzc5MDQ0NTUw?cjc=d5nteqhd,HYFLEX A,,,
,UNDSELF,Understanding the Self/Pagunawa sa Sarili,3,Thu,07:30 AM-10:30 AM,40137,3B,MS. ALARIAO,https://classroom.google.com/c/ODU1MzgxNTI2NzIw?cjc=3w7nifey,HYFLEX A,,,
,********NOTHING FOLLOWS********,,30.5,********NOTHING FOLLOWS********,,,,,,,,,
,,,,,,,,,,,,,
,,,,,,,,,,,,,
IT 103,IT 103,,,,,,,,,,,,
,SUBJECT CODE,DESCRIPTION,UNITS,DAY,TIME,SCHED ID,ROOM,Name of Faculty,Google Classroom LINK(Use GRC Google Account),Modality,"Remarks on Changes, If Any (PH)",,
,ITC,Introduction to Computing LEC,2,Mon,07:30 AM-09:30 AM,39682,ONLINE,MR. MACINAS,https://classroom.google.com/c/ODY4Nzc4NDI5ODE5?cjc=oqi62rav,ONLINE,,,
,ITCL,Introduction to Computing LAB,1,Wed,02:00 PM-05:00 PM,39684,LAB2,MR. MACINAS,,HYFLEX A,,,
,ITP1,Computer Hardware and Troubleshooting LEC,2,Mon,09:30 AM-11:30 AM,39755,ONLINE,MR. MACINAS,https://classroom.google.com/c/Nzk4MzM5NzUwNzg1?cjc=t4vu473v,ONLINE,,,
,ITP1L,Computer Hardware and Troubleshooting LAB,1,Thu,05:00 PM-08:00 PM,39757,3A,MR. MACINAS,,HYFLEX A,,,
,ITP2,Fundamentals of Programming LEC,2,Tue,05:00 PM-07:00 PM,39823,ONLINE,MS. PUNZALAN,https://classroom.google.com/c/ODU1Mzg5OTYwNTI1?cjc=ipaicvhs,ONLINE,,,
,ITP2L,Fundamentals of Programming LAB,1,Sat,02:00 PM-05:00 PM,39825,3A,MS. PUNZALAN,,HYFLEX A,,,
,KOMFIL,Kontekstwalisadong Komunikasyon sa Filipino,3,Sat,05:00 PM-08:00 PM,39862,3B,MS. FERNANDEZ,https://classroom.google.com/c/ODY4ODQ0MTMzMjg4?cjc=yfrcmt6t,HYFLEX A,,,
,LEAD 1,Leadership 1,1.5,Thu,03:00 PM-04:30 PM,39945,5E,Coach. Mariel Prado,pxppg6b7,HYFLEX A,,,
,MATHWRLD,Mathematics in the Modern World,3,Tue,07:30 AM-10:30 AM,39895,3A,MS. OLVIS,https://classroom.google.com/c/ODY4ODQ5NzQ0Mjc2?cjc=y5xartzu,HYFLEX A,,,
,NSTP 1,National Service Training Program 1,3,Tue,10:30 AM-01:30 PM,39995,5F,MR. CUBACUB,https://classroom.google.com/c/ODcwNDkxNzU1NjAx?cjc=ulojxrty,HYFLEX A,,,
,PATHFIT1,Physical Activity Towards Health and Fitness,2,Wed,10:30 AM-12:30 PM,40025,PE ROOM,MR. SALAZAR,https://classroom.google.com/c/ODU1MzY0NDQ1NjA4?cjc=ukooow3a,HYFLEX A,,,
,PHILHIST,Readings in Philippine History,3,Sat,10:30 AM-01:30 PM,40059,5G,MS. PABELARIO,https://classroom.google.com/c/ODY4ODMzODY4ODE2?cjc=miln6gq3,HYFLEX A,,,
,PURPCOMM,Purposive Communication,3,Tue,02:00 PM-05:00 PM,40103,3B,MS. GALLEN,https://classroom.google.com/c/ODU1Mzc5MDczMjM0?cjc=enkffufc,HYFLEX A,,,
,UNDSELF,Understanding the Self/Pagunawa sa Sarili,3,Wed,07:30 AM-10:30 AM,40142,3B,MS. ALARIAO,https://classroom.google.com/c/ODU1MzgxNTM3MzU2?cjc=i2lw4u62,HYFLEX A,,,
,********NOTHING FOLLOWS********,,30.5,********NOTHING FOLLOWS********,,,,,,,,,
,,,,,,,,,,,,,
,,,,,,,,,,,,,
IT 104,IT 104,,,,,,,,,,,,
,SUBJECT CODE,DESCRIPTION,UNITS,DAY,TIME,SCHED ID,ROOM,Name of Faculty,Google Classroom LINK(Use GRC Google Account),Modality,"Remarks on Changes, If Any (PH)",,
,ITC,Introduction to Computing LEC,2,Tue,11:30 AM-01:30 PM,39715,ONLINE,MR. MACINAS,https://classroom.google.com/c/ODY4Nzc4NjY1MDkw?cjc=7pfa2iug,ONLINE,,,
,ITCL,Introduction to Computing LAB,1,Wed,05:00 PM-08:00 PM,39719,LAB2,MR. MACINAS,,HYFLEX A,,,
,ITP1,Computer Hardware and Troubleshooting LEC,2,Tue,01:30 PM-03:30 PM,39762,ONLINE,MR. MACINAS,https://classroom.google.com/c/ODY4Nzc4NTY5NjM2?cjc=r275tgrd,ONLINE,,,
,ITP1L,Computer Hardware and Troubleshooting LAB,1,Thu,02:00 PM-05:00 PM,39766,3A,MR. MACINAS,,HYFLEX A,,,
,ITP2,Fundamentals of Programming LEC,2,Tue,07:00 PM-09:00 PM,39827,ONLINE,MS. PUNZALAN,https://classroom.google.com/c/ODY4ODYwNjMzMTI1?cjc=nne3uacj,ONLINE,,,
,ITP2L,Fundamentals of Programming LAB,1,Sat,05:00 PM-08:00 PM,39829,3A,MS. PUNZALAN,,HYFLEX A,,,
,KOMFIL,Kontekstwalisadong Komunikasyon sa Filipino,3,Sat,02:00 PM-05:00 PM,39866,3B,MS. FERNANDEZ,https://classroom.google.com/c/ODY4ODQ0MDIxNTI2?cjc=ziyuumne,HYFLEX A,,,
,LEAD 1,Leadership 1,1.5,Wed,09:00 AM-10:30 AM,39962,5E,Coach. Rodolfo P. Loreto,https://classroom.google.com/c/ODE5ODQwMDAyOTI2?cjc=af53zpju,HYFLEX A,,,
,MATHWRLD,Mathematics in the Modern World,3,Fri,05:00 PM-08:00 PM,39901,3B,MS. SANTIAGO,https://classroom.google.com/c/ODY4ODYyNzI1MzA3?cjc=anjso3d4,HYFLEX A,,,
,NSTP 1,National Service Training Program 1,3,Fri,10:30 AM-01:30 PM,39999,5F,MR CUBACUB,https://classroom.google.com/c/ODcwNDkxOTA2Mjc4?cjc=kcc62qqk,HYFLEX A,,,
,PATHFIT1,Physical Activity Towards Health and Fitness,2,Thu,05:00 PM-07:00 PM,40030,PE ROOM,MR. SALAZAR,https://classroom.google.com/c/ODY4NzkxMjQ4Njg3?cjc=edienqux,HYFLEX A,,,
,PHILHIST,Readings in Philippine History,3,Wed,02:00 PM-05:00 PM,40064,5B,MR. ALONZO,https://classroom.google.com/c/Nzk4MzU5MjE4NDU2?cjc=fjfqndge,HYFLEX A,,,
,PURPCOMM,Purposive Communication,3,Fri,02:00 PM-05:00 PM,40110,3B,MS. GALLEN,https://classroom.google.com/c/ODU1Mzc5MDI0NzQ2?cjc=azabtl2m,HYFLEX A,,,
,UNDSELF,Understanding the Self/Pagunawa sa Sarili,3,Wed,10:30 AM-01:30 PM,40144,3B,MS. ALARIAO,https://classroom.google.com/c/ODU1MzgxNDc4NDMx?cjc=f3mnyq4s,HYFLEX A,,,
,********NOTHING FOLLOWS********,,30.5,********NOTHING FOLLOWS********,,,,,,,,,
,,,,,,,,,,,,,
,,,,,,,,,,,,,
IT 105,IT 105,,,,,,,,,,,,
,SUBJECT CODE,DESCRIPTION,UNITS,DAY,TIME,SCHED ID,ROOM,Name of Faculty,Google Classroom LINK(Use GRC Google Account),Modality,"Remarks on Changes, If Any (PH)",,
,ITC,Introduction to Computing LEC,2,Mon,05:00 PM-07:00 PM,39721,ONLINE,MS. SUNGA,https://classroom.google.com/c/ODU1MzkzMTk0NjA0?cjc=rkhwc35j,ONLINE,,,
,ITCL,Introduction to Computing LAB,1,Fri,07:30 AM-10:30 AM,39723,LAB2,MS. SUNGA,,HYFLEX B,,,
,ITP1,Computer Hardware and Troubleshooting LEC,2,Tue,07:00 PM-09:00 PM,39778,ONLINE,MR. LEI,https://classroom.google.com/c/ODY4OTg4MjU5Mjcz?cjc=lvf63zjd,ONLINE,,,
,ITP1L,Computer Hardware and Troubleshooting LAB,1,Sat,07:30 AM-10:30 AM,39786,3A,MR. LEI,,HYFLEX B,,,
,ITP2,Fundamentals of Programming LEC,2,Mon,07:00 PM-09:00 PM,39831,ONLINE,MR. TANAEL,https://classroom.google.com/c/ODY4ODUwNTU1NjIw?cjc=gjt273l2,ONLINE,,,
,ITP2L,Fundamentals of Programming LAB,1,Tue,07:30 AM-10:30 AM,39833,LAB1,MR. TANAEL,,HYFLEX B,,,
,KOMFIL,Kontekstwalisadong Komunikasyon sa Filipino,3,Sat,10:30 AM-01:30 PM,39868,3B,DR. DANUCO,https://classroom.google.com/c/ODU1MzY4MDk0MDE5?cjc=mrh62ji3,HYFLEX B,,,
,LEAD 1,Leadership 1,1.5,Fri,10:30 AM-12:00 PM,39964,5E,Coach. Rodolfo P. Loreto,https://classroom.google.com/c/ODcwMzgwODAyMDA3?cjc=trjoybio,HYFLEX B,,,
,MATHWRLD,Mathematics in the Modern World,3,Mon,07:30 AM-10:30 AM,39915,3A,MS. OLVIS,https://classroom.google.com/c/ODY4ODQxMjg2NzQx?cjc=4ohvoj44,HYFLEX B,,,
,NSTP 1,National Service Training Program 1,3,Mon,10:30 AM-01:30 PM,40003,5F,MS.. SALAZAR,https://classroom.google.com/c/ODcwNTc0NDAwMDc3?cjc=uesbflke,HYFLEX B,,,
,PATHFIT1,Physical Activity Towards Health and Fitness,2,Fri,12:30 PM-02:30 PM,40035,PE ROOM,MR. SALAZAR,https://classroom.google.com/c/ODU1MzY0Mjg3MzE2?cjc=hofp2xfe,HYFLEX B,,,
,PHILHIST,Readings in Philippine History,3,Tue,10:30 AM-01:30 PM,40076,3A,MS. SALAZAR,https://classroom.google.com/c/ODU1MzY0NTMwNzIz?cjc=qovm2v7h,HYFLEX B,,,
,PURPCOMM,Purposive Communication,3,Mon,02:00 PM-05:00 PM,40114,3B,MS. GALLEN,https://classroom.google.com/c/ODU1Mzc5MjYzMjI2?cjc=3qcrp4jq,HYFLEX B,,,
,UNDSELF,Understanding the Self/Pagunawa sa Sarili,3,Tue,02:00 PM-05:00 PM,40151,3A,MS. DELARMENTE,https://classroom.google.com/c/ODY4ODQ4NTcwMDQz?cjc=ifpnmord,HYFLEX B,,,
,********NOTHING FOLLOWS********,,30.5,********NOTHING FOLLOWS********,,,,,,,,,
,,,,,,,,,,,,,
,,,,,,,,,,,,,
IT 106,IT 106,,,,,,,,,,,,
,SUBJECT CODE,DESCRIPTION,UNITS,DAY,TIME,SCHED ID,ROOM,Name of Faculty,Google Classroom LINK(Use GRC Google Account),Modality,"Remarks on Changes, If Any (PH)",,
,ITC,Introduction to Computing LEC,2,Mon,07:00 PM-09:00 PM,39725,ONLINE,MS. SUNGA,https://classroom.google.com/c/ODU1MzkzMzk4NzQw?cjc=2oeo66ta,ONLINE,,,
,ITCL,Introduction to Computing LAB,1,Fri,10:30 AM-01:30 PM,39727,LAB2,MS. SUNGA,,HYFLEX B,,,
,ITP1,Computer Hardware and Troubleshooting LEC,2,Wed,07:00 PM-09:00 PM,39788,ONLINE,MR. LEI,https://classroom.google.com/c/ODY4OTg4MjU5Mjcz?cjc=lvf63zjd,ONLINE,,,
,ITP1L,Computer Hardware and Troubleshooting LAB,1,Sat,10:30 AM-01:30 PM,39790,3A,MR. LEI,,HYFLEX B,,,
,ITP2,Fundamentals of Programming LEC,2,Fri,07:30 AM-09:30 AM,39838,ONLINE,MR. TANAEL,https://classroom.google.com/c/ODcwMzQ3MDkxMjM2?cjc=pnj3ndnn,ONLINE,,,
,ITP2L,Fundamentals of Programming LAB,1,Thu,06:00 PM-09:00 PM,39840,5A,MR. TANAEL,,HYFLEX B,,,
,KOMFIL,Kontekstwalisadong Komunikasyon sa Filipino,3,Sat,07:30 AM-10:30 AM,39872,3B,DR. DANUCO,https://classroom.google.com/c/ODY4ODE0NTcwNjgz?cjc=epyyjjji,HYFLEX B,,,
,LEAD 1,Leadership 1,1.5,Wed,10:30 AM-12:00 PM,39966,5E,Coach. Jude Salonga,ayfbnbax ,HYFLEX B,,,
,MATHWRLD,Mathematics in the Modern World,3,Thu,03:00 PM-06:00 PM,39918,5A,MS. MIRASOL,https://classroom.google.com/c/ODY4ODQwODc4NzQ0?cjc=zmfe2gcz,HYFLEX B,,,
,NSTP 1,National Service Training Program 1,3,Wed,07:30 AM-10:30 AM,40005,5F,MR. MICHAEL JOHN E. SILVERIO,https://meet.google.com/zsw-xzeb-wsn    hcldwveo,HYFLEX B,,,
,PATHFIT1,Physical Activity Towards Health and Fitness,2,Wed,12:30 PM-02:30 PM,40037,PE ROOM,MR. SALAZAR,https://classroom.google.com/c/ODU1MzY1MTA5MjI4?cjc=l45rcni7,HYFLEX B,,,
,PHILHIST,Readings in Philippine History,3,Wed,02:30 PM-05:30 PM,40082,5B,MS. SALAZAR,https://classroom.google.com/c/ODU1MzY0NzYyNzM1?cjc=mbdyxtve,HYFLEX B,,,
,PURPCOMM,Purposive Communication,3,Sat,02:00 PM-05:00 PM,40118,5A,MS. PAYUSAN,https://classroom.google.com/c/ODY4ODc1MjMxNjQ3?cjc=untleu4v,HYFLEX B,,,
,UNDSELF,Understanding the Self/Pagunawa sa Sarili,3,Fri,02:00 PM-05:00 PM,40155,3A,MS. DELARMENTE,https://classroom.google.com/c/ODY4ODQ4MjM1MzA1?cjc=z7dzgllq,HYFLEX B,,,
,********NOTHING FOLLOWS********,,30.5,********NOTHING FOLLOWS********,,,,,,,,,
,,,,,,,,,,,,,
,,,,,,,,,,,,,
IT 107,IT 107,,,,,,,,,,,,
,SUBJECT CODE,DESCRIPTION,UNITS,DAY,TIME,SCHED ID,ROOM,Name of Faculty,Google Classroom LINK(Use GRC Google Account),Modality,"Remarks on Changes, If Any (PH)",,
,ITC,Introduction to Computing LEC,2,Tue,07:00 PM-09:00 PM,39729,ONLINE,MS. SUNGA,https://classroom.google.com/c/ODU1MzkzNDI4Njg3?cjc=sgmmkvfg,ONLINE,,,
,ITCL,Introduction to Computing LAB,1,Fri,02:00 PM-05:00 PM,39731,LAB2,MS. SUNGA,,HYFLEX B,,,
,ITP1,Computer Hardware and Troubleshooting LEC,2,Tue,05:00 PM-07:00 PM,39795,ONLINE,MR. LEI,https://classroom.google.com/c/ODY4OTg4MjU5Mjcz?cjc=lvf63zjd,ONLINE,,,
,ITP1L,Computer Hardware and Troubleshooting LAB,1,Sat,02:00 PM-05:00 PM,39799,3A,MR. LEI,,HYFLEX B,,,
,ITP2,Fundamentals of Programming LEC,2,Sat,07:30 AM-09:30 AM,39844,ONLINE,MR. TANAEL,https://classroom.google.com/c/ODcwMzQ2ODc2OTk2?cjc=infvvxwn,ONLINE,FRI 9:30 AM - 11:30 AM,,
,ITP2L,Fundamentals of Programming LAB,1,Thu,10:30 AM-01:30 PM,39846,3A,MR. TANAEL,,HYFLEX B,,,
,KOMFIL,Kontekstwalisadong Komunikasyon sa Filipino,3,Sat,05:00 PM-08:00 PM,39874,3B,DR. DANUCO,https://classroom.google.com/c/ODU1MzcxOTUxMDEz?cjc=ewe5xfyi,HYFLEX B,,,
,LEAD 1,Leadership 1,1.5,Fri,12:00 PM-01:30 PM,39970,5E,Coach. Mariel Prado,t2j6ja4m,HYFLEX B,,,
,MATHWRLD,Mathematics in the Modern World,3,Thu,06:00 PM-09:00 PM,39922,3B,MS. MIRASOL,https://classroom.google.com/c/ODY4ODQyNzU1NjIz?cjc=pzavb5yd,HYFLEX B,,,
,NSTP 1,National Service Training Program 1,3,Wed,02:00 PM-05:00 PM,40008,5F,,,HYFLEX B,,,
,PATHFIT1,Physical Activity Towards Health and Fitness,2,Wed,05:00 PM-07:00 PM,40042,PE ROOM,MR. SALAZAR,https://classroom.google.com/c/ODU1MzY1MTA5MjI4?cjc=l45rcni7,HYFLEX B,,,
,PHILHIST,Readings in Philippine History,3,Thu,02:00 PM-05:00 PM,40086,5B,MS. SALAZAR,https://classroom.google.com/c/ODU1MzY0NjE1MzI4?cjc=dupckjgr,HYFLEX B,,,
,PURPCOMM,Purposive Communication,3,Sat,10:30 AM-01:30 PM,40125,5A,MS. PAYUSAN,https://classroom.google.com/c/ODU1Mzg3MjEwODY5?cjc=tz7bwezv,HYFLEX B,,,
,UNDSELF,Understanding the Self/Pagunawa sa Sarili,3,Fri,05:00 PM-08:00 PM,40162,3B,MS. DELARMENTE,https://classroom.google.com/c/ODY4ODQ1NTg1MTAx?cjc=dfjc6xh3,HYFLEX B,,,
,********NOTHING FOLLOWS********,,30.5,********NOTHING FOLLOWS********,,,,,,,,,
,,,,,,,,,,,,,
,,,,,,,,,,,,,
IT 108,IT 108,,,,,,,,,,,,
,SUBJECT CODE,DESCRIPTION,UNITS,DAY,TIME,SCHED ID,ROOM,Name of Faculty,Google Classroom LINK(Use GRC Google Account),Modality,"Remarks on Changes, If Any (PH)",,
,ITC,Introduction to Computing LEC,2,Mon,01:30 PM-03:30 PM,39733,ONLINE,MS. SUNGA,https://classroom.google.com/c/ODU1Mzg3MTQ2MTE1?cjc=xp4nkehy,ONLINE,,,
,ITCL,Introduction to Computing LAB,1,Fri,05:00 PM-08:00 PM,39735,LAB2,MS. SUNGA,,HYFLEX B,,,
,ITP1,Computer Hardware and Troubleshooting LEC,2,Mon,07:00 PM-09:00 PM,39801,ONLINE,MR. LEI,https://classroom.google.com/c/ODY4OTg4MjU5Mjcz?cjc=lvf63zjd,ONLINE,,,
,ITP1L,Computer Hardware and Troubleshooting LAB,1,Sat,05:00 PM-08:00 PM,39806,3A,MR. LEI,,HYFLEX B,,,
,ITP2,Fundamentals of Programming LEC,2,Mon,05:00 PM-07:00 PM,39852,ONLINE,MR. TANAEL,https://classroom.google.com/c/ODcwMzQ2ODE4NzU2?cjc=z42pbaij,ONLINE,FRI 11:30 AM - 1:30 PM,,
,ITP2L,Fundamentals of Programming LAB,1,Thu,02:00 PM-05:00 PM,39854,3A,MR. TANAEL,,HYFLEX B,,,
,KOMFIL,Kontekstwalisadong Komunikasyon sa Filipino,3,Sat,02:00 PM-05:00 PM,39876,3B,DR. DANUCO,https://classroom.google.com/c/ODU1MzcxOTIxMTUx?cjc=lqtfkiyk,HYFLEX B,,,
,LEAD 1,Leadership 1,1.5,Fri,03:00 PM-04:30 PM,39974,5E,Coach. Rodolfo P. Loreto,https://classroom.google.com/c/ODU1NDY3MTA3NzEw?cjc=lw5ydrmu,HYFLEX B,,,
,MATHWRLD,Mathematics in the Modern World,3,Tue,05:00 PM-08:00 PM,39928,3B,MS. MIRASOL,https://classroom.google.com/c/Nzk4MzUyMTY3MzM2?cjc=6mciuxsw,HYFLEX B,,,
,NSTP 1,National Service Training Program 1,3,Sat,10:30 AM-01:30 PM,40010,5F,MR. CUBACUB,https://classroom.google.com/c/ODU1NDk1NDg5NDUx?cjc=q7ykaccq,HYFLEX B,,,
,PATHFIT1,Physical Activity Towards Health and Fitness,2,Tue,11:00 AM-01:00 PM,40047,PE ROOM,MR. SALAZAR,https://classroom.google.com/c/ODU1MzY0ODIwNzgy?cjc=dh7d3zaa,HYFLEX B,,,
,PHILHIST,Readings in Philippine History,3,Thu,10:30 AM-01:00 PM,40088,3B,MS. SALAZAR,https://classroom.google.com/c/ODU1MzY0OTA1Njg3?cjc=6bnh2tie,HYFLEX B,,,
,PURPCOMM,Purposive Communication,3,Tue,02:00 PM-05:00 PM,40127,3B,MS. ALOC,https://classroom.google.com/c/ODcwMjk3NTQ3Njg1?cjc=6ymcetk7,HYFLEX B,,,
,UNDSELF,Understanding the Self/Pagunawa sa Sarili,3,Thu,05:00 PM-08:00 PM,40178,3A,MS. DELARMENTE,https://classroom.google.com/c/ODY4ODQ5NTUyODcy?cjc=inqgrrph,HYFLEX B,,,
,********NOTHING FOLLOWS********,,30.5,********NOTHING FOLLOWS********,,,,,,,,,
,,,,,,,,,,,,,
IT 109,IT 109,,,,,,,,,,,,
,SUBJECT CODE,DESCRIPTION,SCHED ID,DAY,TIME,UNIT,ROOM,Name of Faculty,Google Classroom Code(Use GRC Google Account),Modality,"Remarks on Changes, If Any (PH)",,
,ITC,Introduction to Computing LEC,,,,,,,,,,,
,ITCL,Introduction to Computing LAB,,,,,,,,,,,
,ITP1,Computer Hardware and Troubleshooting LEC,,,,,,,,,,,
,ITP1L,Computer Hardware and Troubleshooting LAB,,,,,,,,,,,
,ITP2,Fundamentals of Programming LEC,,,,,,,,,,,
,ITP2L,Fundamentals of Programming LAB,,,,,,,,,,,
,KOMFIL,Kontekstwalisadong Komunikasyon sa Filipino,,,,,,,,,,,
,LEAD 1,Leadership 1,,,,,,,,,,,
,MATHWRLD,Mathematics in the Modern World,,,,,,,,,,,
,NSTP 1,National Service Training Program 1,,,,,,,,,,,
,PATHFIT1,Physical Activity Towards Health and Fitness,,,,,,,,,,,
,PHILHIST,Readings in Philippine History,,,,,,,,,,,
,PURPCOMM,Purposive Communication,,,,,,,,,,,
,UNDSELF,Understanding the Self/Pagunawa sa Sarili,,,,,,,,,,,
,********NOTHING FOLLOWS********,,,,,0,,,,,,,
,,,,,,,,,,,,,
IT 201,IT 201,,,,,,,,,,,,
,SUBJECT CODE,DESCRIPTION,UNITS,DAY,TIME,SCHED ID,ROOM,Name of Faculty,Google Classroom LINK(Use GRC Google Account),Modality,"Remarks on Changes, If Any (PH)",,
,AVE,Animation and Video Editing LEC,2,Tue,07:00 PM-09:00 PM,40182,ONLINE,MR. UMALI,https://classroom.google.com/c/ODU1MzQzODc2MjAw?cjc=jdrimenc,ONLINE,,,
,AVEL,Animation and Video Editing LAB,1,Sat,07:30 AM-10:30 AM,40184,LAB3,MR. UMALI,,HYFLEX B,,,
,CPROG2,Computer Programming 2 LEC,2,Mon,05:00 PM-07:00 PM,40210,ONLINE,MR. TANAEL,https://classroom.google.com/c/ODY4ODUxMDI5OTI5?cjc=l5blszlo,ONLINE,,,
,CPROG2L,Computer Programming 2 LAB,1,Wed,07:30 AM-10:30 AM,40212,LAB1,MR. TANAEL,,HYFLEX B,,,
,DBMSYS,Database Management System LEC,2,Tue,07:30 AM-09:30 AM,40238,ONLINE,MS. NARCISO,https://classroom.google.com/c/ODU1NDE5NTQ1NjMx?cjc=2b3d6ijr,ONLINE,,,
,DBMSYSL,Database Management System LAB,1,Sat,10:30 AM-01:30 PM,40240,LAB2,MS. NARCISO,,HYFLEX B,,,
,ENVISCI,Environmental Science,3,Wed,02:00 PM-05:00 PM,40266,5A,MS. DE ASIS,https://classroom.google.com/c/ODY4ODgwMzM0MzAx?cjc=qf7zq4dx,HYFLEX B,,,
,IPT1,Integrative Programming Technologies 1 LEC,2,Tue,05:00 PM-07:00 PM,40280,ONLINE,MS. SUNGA,https://classroom.google.com/c/ODU1MzkzNDE5ODY5?cjc=gequbgvh,ONLINE,,,
,IPT1L,Integrative Programming Technologies 1 LAB,1,Wed,10:30 AM-01:30 PM,40282,LAB2,MS. SUNGA,,HYFLEX B,,,
,LEAD 3,Leadership 3,1.5,Thu,10:30 AM-12:00 PM,40308,5E,Coach. Jude Salonga,sg6hmmor ,HYFLEX A,,,
,NW1,Networking 1 LEC,2,Tue,09:30 AM-11:30 AM,40322,ONLINE,MS. JV FLORES,https://classroom.google.com/c/ODU1Mzg4MjE3Nzk4?cjc=zh2sbtlv,ONLINE,,,
,NW1L,Networking 1 LAB,1,Sat,02:00 PM-05:00 PM,40324,LAB1,MS. JV FLORES,,HYFLEX B,,,
,PATHFIT3,Dance and Fitness Wellness,2,Thu,01:00 PM-03:00 PM,40350,PE ROOM,MR. SALAZAR,https://classroom.google.com/c/ODU1MzY1NDY1Njk2?cjc=orfeuwgr,HYFLEX A,,,
,WST,Web System and Technologies LEC,2,Mon,07:00 PM-09:00 PM,40364,ONLINE,MR. JJ DELA CRUZ,https://classroom.google.com/c/ODcwMzEzNTcwNDA3?cjc=sqjgtugo,ONLINE,,,
,WSTL,Web System and Technologies LAB,1,Thu,07:30 AM-10:30 AM,40366,LAB1,MR. JJ DELA CRUZ,,HYFLEX A,,,
,********NOTHING FOLLOWS********,,24.5,********NOTHING FOLLOWS********,,,,,,,,,
,,,,,,,,,,,,,
,,,,,,,,,,,,,
IT 202,IT 202,,,,,,,,,,,,
,SUBJECT CODE,DESCRIPTION,UNITS,DAY,TIME,SCHED ID,ROOM,Name of Faculty,Google Classroom LINK(Use GRC Google Account),Modality,"Remarks on Changes, If Any (PH)",,
,AVE,Animation and Video Editing LEC,2,Wed,05:00 PM-07:00 PM,40186,ONLINE,MR. UMALI,https://classroom.google.com/c/ODU1MzQ1NTU3NjU0?cjc=dbvomrfo,ONLINE,,,
,AVEL,Animation and Video Editing LAB,1,Sat,10:30 AM-01:30 PM,40188,LAB3,MR. UMALI,,HYFLEX B,,,
,CPROG2,Computer Programming 2 LEC,2,Mon,03:00 PM-05:00 PM,40214,ONLINE,MR. TANAEL,https://classroom.google.com/c/Nzk4MzUzODUyNTI1?cjc=hroddfaq,ONLINE,,,
,CPROG2L,Computer Programming 2 LAB,1,Wed,10:30 AM-01:30 PM,40216,LAB1,MR. TANAEL,,HYFLEX B,,,
,DBMSYS,Database Management System LEC,2,Tue,09:30 AM-11:30 AM,40242,ONLINE,MS. NARCISO,https://classroom.google.com/c/ODU1NDE5NjE5MDA3?cjc=hrjjdivv,ONLINE,,,
,DBMSYSL,Database Management System LAB,1,Sat,07:30 AM-10:30 AM,40244,LAB2,MS. NARCISO,,HYFLEX B,,,
,ENVISCI,Environmental Science,3,Fri,02:00 PM-05:00 PM,40268,5A,MS. SALAZAR,https://classroom.google.com/c/ODU1MzY1MTE0NTQ2?cjc=7ckawzcj,HYFLEX B,,,
,IPT1,Integrative Programming Technologies 1 LEC,2,Tue,03:00 PM-05:00 PM,40284,ONLINE,MS. SUNGA,https://classroom.google.com/c/ODU1MzkzMTYwMzE0?cjc=ai3pkojv,ONLINE,,,
,IPT1L,Integrative Programming Technologies 1 LAB,1,Wed,07:30 AM-10:30 AM,40286,LAB2,MS. SUNGA,,HYFLEX B,,,
,LEAD 3,Leadership 3,1.5,Thu,10:30 AM-12:00 PM,40310,5E,Coach. Juvelyn Ticag,p5m3whrl,HYFLEX B,,,
,NW1,Networking 1 LEC,2,Tue,07:30 AM-09:30 AM,40326,ONLINE,MR. AM BAUTISTA,https://classroom.google.com/c/Nzk4Mzg2NzIxMzM5?cjc=h4sf65yo,ONLINE,,,
,NW1L,Networking 1 LAB,1,Thu,07:30 AM-10:30 AM,40328,LAB2,MR. AM BAUTISTA,,HYFLEX B,,,
,PATHFIT3,Dance and Fitness Wellness,2,Wed,02:30 PM-04:30 PM,40352,PE ROOM,MR. SALAZAR,https://classroom.google.com/c/ODU1MzY1MTE0Mjg1?cjc=pog4mkw3,HYFLEX B,,,
,WST,Web System and Technologies LEC,2,Wed,07:00 PM-09:00 PM,40368,ONLINE,MR. DE GUZMAN,https://classroom.google.com/c/ODU1Mzk0OTQ2ODU4?cjc=tovwqikn,ONLINE,,,
,WSTL,Web System and Technologies LAB,1,Fri,06:00 PM-09:00 PM,40370,LAB3,MR. DE GUZMAN,,HYFLEX B,,,
,********NOTHING FOLLOWS********,,24.5,********NOTHING FOLLOWS********,,,,,,,,,
,,,,,,,,,,,,,
,,,,,,,,,,,,,
IT 203,IT 203,,,,,,,,,,,,
,SUBJECT CODE,DESCRIPTION,UNITS,DAY,TIME,SCHED ID,ROOM,Name of Faculty,Google Classroom LINK(Use GRC Google Account),Modality,"Remarks on Changes, If Any (PH)",,
,AVE,Animation and Video Editing LEC,2,Wed,11:30 AM-01:30 PM,40190,ONLINE,MR. UMALI,https://classroom.google.com/c/ODU1MzQ1NTQwMTI0?cjc=kovmwajb,ONLINE,,,
,AVEL,Animation and Video Editing LAB,1,Sat,02:00 PM-05:00 PM,40192,LAB3,MR. UMALI,,HYFLEX B,,,
,CPROG2,Computer Programming 2 LEC,2,Sat,07:30 AM-09:30 AM,40218,ONLINE,MR. TANAEL,https://classroom.google.com/c/ODY4ODUxMjA4MDM2?cjc=qtkyhk5x,ONLINE,,,
,CPROG2L,Computer Programming 2 LAB,1,Wed,02:00 PM-05:00 PM,40220,LAB1,MR. TANAEL,,HYFLEX B,,,
,DBMSYS,Database Management System LEC,2,Wed,09:30 AM-11:30 AM,40246,ONLINE,MS. NARCISO,https://classroom.google.com/c/ODY5MDExNjg0MDgy?cjc=jwffbhdj,ONLINE,,,
,DBMSYSL,Database Management System LAB,1,Sat,05:00 PM-08:00 PM,40248,LAB2,MS. NARCISO,,HYFLEX B,,,
,ENVISCI,Environmental Science,3,Mon,03:00 PM-06:00 PM,40270,5A,MS. DE ASIS,https://classroom.google.com/c/ODU1Mzg3NDQ3MTI1?cjc=7rl74bea,HYFLEX B,,,
,IPT1,Integrative Programming Technologies 1 LEC,2,Tue,07:30 AM-09:30 AM,40288,ONLINE,MS. SUNGA,https://classroom.google.com/c/ODU1MzkzMzk1MTkz?cjc=lsihfoa2,ONLINE,,,
,IPT1L,Integrative Programming Technologies 1 LAB,1,Wed,05:00 PM-08:00 PM,40290,LAB2,MS. SUNGA,,HYFLEX B,,,
,LEAD 3,Leadership 3,1.5,Mon,10:30 AM-12:00 PM,40312,5E,Coach. Mariel Prado,7eghy7sx,HYFLEX B,,,
,NW1,Networking 1 LEC,2,Wed,07:30 AM-09:30 AM,40330,ONLINE,MS. JV FLORES,https://classroom.google.com/c/ODY4ODgwMTczODI5?cjc=3sfgrt46,ONLINE,,,
,NW1L,Networking 1 LAB,1,Sat,10:30 AM-01:30 PM,40332,LAB1,MS. JV FLORES,,HYFLEX B,,,
,PATHFIT3,Dance and Fitness Wellness,2,Mon,12:30 PM-02:30 PM,40354,PE ROOM,MR. SALAZAR,https://classroom.google.com/c/ODU1MzY0ODY4ODA1?cjc=kwzzhd2v,HYFLEX B,,,
,WST,Web System and Technologies LEC,2,Tue,07:00 PM-09:00 PM,40372,ONLINE,MR. DE GUZMAN,https://classroom.google.com/c/ODY4OTA4MTQxNDY5?cjc=bk42hzi5,ONLINE,,,
,WSTL,Web System and Technologies LAB,1,Mon,06:00 PM-09:00 PM,40374,LAB2,MR. DE GUZMAN,,HYFLEX B,,,
,********NOTHING FOLLOWS********,,24.5,********NOTHING FOLLOWS********,,,,,,,,,
,,,,,,,,,,,,,
,,,,,,,,,,,,,
IT 204,IT 204,,,,,,,,,,,,
,SUBJECT CODE,DESCRIPTION,UNITS,DAY,TIME,SCHED ID,ROOM,Name of Faculty,Google Classroom LINK(Use GRC Google Account),Modality,"Remarks on Changes, If Any (PH)",,
,AVE,Animation and Video Editing LEC,2,Tue,07:30 AM-09:30 AM,40194,ONLINE,MR. UMALI,https://classroom.google.com/c/ODU1MzQ1NDQ4ODU5?cjc=oredtftm,ONLINE,,,
,AVEL,Animation and Video Editing LAB,1,Sat,05:00 PM-08:00 PM,40196,LAB3,MR. UMALI,,HYFLEX B,,,
,CPROG2,Computer Programming 2 LEC,2,Mon,09:30 AM-11:30 AM,40222,ONLINE,MR. TANAEL,https://classroom.google.com/c/ODY4ODUwMTY0NDU2?cjc=pf4mlexz,ONLINE,,,
,CPROG2L,Computer Programming 2 LAB,1,Wed,05:00 PM-08:00 PM,40224,LAB1,MR. TANAEL,,HYFLEX B,,,
,DBMSYS,Database Management System LEC,2,Wed,07:30 AM-09:30 AM,40250,ONLINE,MS. NARCISO,https://classroom.google.com/c/ODY5MDA5Njk1OTc2?cjc=p5uj2zrx,ONLINE,,,
,DBMSYSL,Database Management System LAB,1,Sat,02:00 PM-05:00 PM,40252,LAB2,MS. NARCISO,,HYFLEX B,,,
,ENVISCI,Environmental Science,3,Wed,10:30 AM-01:30 PM,40272,5A,MS. DE ASIS,https://classroom.google.com/c/ODY4ODc4NTI3MDQ0?cjc=l5u7srkn,HYFLEX B,,,
,IPT1,Integrative Programming Technologies 1 LEC,2,Tue,09:30 AM-11:30 AM,40292,ONLINE,MS. SUNGA,https://classroom.google.com/c/ODY4OTAxMTgyNjYw?cjc=of7cmmxb,ONLINE,,,
,IPT1L,Integrative Programming Technologies 1 LAB,1,Wed,02:00 PM-05:00 PM,40294,LAB2,MS. SUNGA,,HYFLEX B,,,
,LEAD 3,Leadership 3,1.5,Thu,01:30 PM-03:00 PM,40314,5E,Coach. Juvelyn Ticag,p5m3whrl,HYFLEX B,,,
,NW1,Networking 1 LEC,2,Sat,07:30 AM-09:30 AM,40334,ONLINE,MR. AM BAUTISTA,https://classroom.google.com/c/ODY5MDQ3ODUxMDc3?cjc=prwkqqst,ONLINE,,,
,NW1L,Networking 1 LAB,1,Thu,10:30 AM-01:30 PM,40336,LAB2,MR. AM BAUTISTA,,HYFLEX B,,,
,PATHFIT3,Dance and Fitness Wellness,2,Thu,03:00 PM-05:00 PM,40356,PE ROOM,MR. SALAZAR,https://classroom.google.com/c/ODU1MzUyNDM4NjYy?cjc=2otgarzz,HYFLEX B,,,
,WST,Web System and Technologies LEC,2,Tue,05:00 PM-07:00 PM,40376,ONLINE,MR. DE GUZMAN,https://classroom.google.com/c/ODU1Mzk0OTM2MjM2?cjc=jfg6qkzx,ONLINE,,,
,WSTL,Web System and Technologies LAB,1,Thu,06:00 PM-09:00 PM,40378,LAB2,MR. DE GUZMAN,,HYFLEX B,,,
,********NOTHING FOLLOWS********,,24.5,********NOTHING FOLLOWS********,,,,,,,,,
,,,,,,,,,,,,,
,,,,,,,,,,,,,
IT 205,IT 205,,,,,,,,,,,,
,SUBJECT CODE,DESCRIPTION,UNITS,DAY,TIME,SCHED ID,ROOM,Name of Faculty,Google Classroom LINK(Use GRC Google Account),Modality,"Remarks on Changes, If Any (PH)",,
,AVE,Animation and Video Editing LEC,2,Tue,07:00 PM-09:00 PM,40198,ONLINE,MR. R. QUINTO JR.,https://classroom.google.com/c/ODcwMjgxMDUxMzM2?cjc=zrbnifas,ONLINE,,,
,AVEL,Animation and Video Editing LAB,1,Sat,07:30 AM-10:30 AM,40200,LAB3,MR. R. QUINTO JR.,,HYFLEX A,,,
,CPROG2,Computer Programming 2 LEC,2,Mon,01:00 PM-03:00 PM,40226,ONLINE,MR. TANAEL,https://classroom.google.com/c/ODY4ODQ4NzI2OTgz?cjc=gzyzig4q,ONLINE,,,
,CPROG2L,Computer Programming 2 LAB,1,Tue,10:30 AM-01:30 PM,40228,LAB1,MR. TANAEL,,HYFLEX B,,,
,DBMSYS,Database Management System LEC,2,Sat,05:30 PM-07:30 PM,40254,ONLINE,MR. MACINAS,https://classroom.google.com/c/ODcwMjU4NTgxNjAz?cjc=nxftsqmk,ONLINE,,,
,DBMSYSL,Database Management System LAB,1,Fri,07:30 AM-10:30 AM,40256,LAB3,MR. MACINAS,,HYFLEX A,,,
,ENVISCI,Environmental Science,3,Tue,02:00 PM-05:00 PM,40274,5A,MS. DE ASIS,https://classroom.google.com/c/ODY4ODc3NTM0MDA3?cjc=4ellsrwq,HYFLEX B,,,
,IPT1,Integrative Programming Technologies 1 LEC,2,Tue,05:00 PM-07:00 PM,40296,ONLINE,MR. UMALI,https://classroom.google.com/c/ODU1MzQ1MzQ4NjQw?cjc=tkpeoget,ONLINE,,,
,IPT1L,Integrative Programming Technologies 1 LAB,1,Mon,07:30 AM-10:30 AM,40298,LAB1,MR. UMALI,,HYFLEX B,,,
,LEAD 3,Leadership 3,1.5,Sat,10:30 AM-12:00 PM,40316,5E,Coach. Juvelyn Ticag,nnwwvxhl,HYFLEX A,CHANGED TO: THURS. 9:00 - 10:30,,
,NW1,Networking 1 LEC,2,Mon,03:00 PM-05:00 PM,40338,ONLINE,MR. RODRIGO,https://classroom.google.com/c/NzgzMTA3ODYwNzE1?cjc=o6lg3l3j,ONLINE,7:00 PM - 9:00 PM,,
,NW1L,Networking 1 LAB,1,Tue,07:30 AM-10:30 AM,40340,LAB3,MR. RODRIGO,,HYFLEX B,,,
,PATHFIT3,Dance and Fitness Wellness,2,Mon,10:30 AM-12:30 PM,40358,PE ROOM,MR. SALAZAR,https://classroom.google.com/c/ODU1MzY0NzYyNDMw?cjc=yxf2g5eb,HYFLEX B,,,
,WST,Web System and Technologies LEC,2,Mon,05:00 PM-07:00 PM,40380,ONLINE,MR. JJ DELA CRUZ,https://classroom.google.com/c/ODcwMzEzNzI3MTU3?cjc=qtqacao6,ONLINE,,,
,WSTL,Web System and Technologies LAB,1,Thu,10:30 AM-01:30 PM,40382,LAB1,MR. JJ DELA CRUZ,,HYFLEX A,,,
,********NOTHING FOLLOWS********,,24.5,********NOTHING FOLLOWS********,,,,,,,,,
,,,,,,,,,,,,,
,,,,,,,,,,,,,
IT 206,IT 206,,,,,,,,,,,,
,SUBJECT CODE,DESCRIPTION,UNITS,DAY,TIME,SCHED ID,ROOM,Name of Faculty,Google Classroom LINK(Use GRC Google Account),Modality,"Remarks on Changes, If Any (PH)",,
,AVE,Animation and Video Editing LEC,2,Wed,07:30 AM-09:30 AM,40202,ONLINE,MR. UMALI,https://classroom.google.com/c/ODU1MzQ1NDk5NDM5?cjc=rfzcpdqd,ONLINE,,,
,AVEL,Animation and Video Editing LAB,1,Fri,10:30 AM-01:30 PM,40204,LAB3,MR. UMALI,,HYFLEX A,,,
,CPROG2,Computer Programming 2 LEC,2,Mon,07:30 AM-09:30 AM,40230,ONLINE,MR. TANAEL,https://classroom.google.com/c/ODY4ODUxNTQ1Mzcx?cjc=bf7hefyg,ONLINE,,,
,CPROG2L,Computer Programming 2 LAB,1,Tue,02:00 PM-05:00 PM,40232,LAB1,MR. TANAEL,,HYFLEX B,,,
,DBMSYS,Database Management System LEC,2,Wed,04:00 PM-06:00 PM,40258,ONLINE,MR. MACINAS,https://classroom.google.com/c/ODcwMjU5Mjc5Mzgx?cjc=a4vthxvu,ONLINE,SAT 3:30 PM - 5:30 PM,,
,DBMSYSL,Database Management System LAB,1,Mon,05:00 PM-08:00 PM,40260,LAB1,MR. MACINAS,,HYFLEX B,,,
,ENVISCI,Environmental Science,3,Tue,05:00 PM-08:00 PM,40276,5A,MS. DE ASIS,https://classroom.google.com/c/ODY4ODc4MjU3OTA4?cjc=4vkuoh5s,HYFLEX B,,,
,IPT1,Integrative Programming Technologies 1 LEC,2,Tue,11:30 AM-01:30 PM,40300,ONLINE,MR. UMALI,https://classroom.google.com/c/ODU1MzQ1NTUxOTY2?cjc=qceuywqj,ONLINE,,,
,IPT1L,Integrative Programming Technologies 1 LAB,1,Mon,02:00 PM-05:00 PM,40302,LAB1,MR. UMALI,,HYFLEX B,,,
,LEAD 3,Leadership 3,1.5,Sat,10:30 AM-12:00 PM,40318,5E,Coach. Jude Salonga,t5fe3yoo ,HYFLEX B,,,
,NW1,Networking 1 LEC,2,Tue,07:30 AM-09:30 AM,40342,ONLINE,MS. JV FLORES,https://classroom.google.com/c/ODY4ODc5MDY0MTU3?cjc=3eypczuq,ONLINE,,,
,NW1L,Networking 1 LAB,1,Sat,07:30 AM-10:30 AM,40344,LAB1,MS. JV FLORES,,HYFLEX B,,,
,PATHFIT3,Dance and Fitness Wellness,2,Fri,08:00 AM-10:00 AM,40360,PE ROOM,MR. SALAZAR,https://classroom.google.com/c/ODU1MzY1MzA5MTI2?cjc=4zppr4ui,HYFLEX A,,,
,WST,Web System and Technologies LEC,2,Tue,09:30 AM-11:30 AM,40384,ONLINE,MR. JJ DELA CRUZ,https://classroom.google.com/c/ODcwMzA4NDQ1MDQ4?cjc=rhulomdj,ONLINE,,,
,WSTL,Web System and Technologies LAB,1,Wed,10:30 AM-01:30 PM,40386,LAB1,MR. JJ DELA CRUZ,,HYFLEX A,,,
,********NOTHING FOLLOWS********,,24.5,********NOTHING FOLLOWS********,,,,,,,,,
,,,,,,,,,,,,,
,,,,,,,,,,,,,
IT 207,IT 207,,,,,,,,,,,,
,SUBJECT CODE,DESCRIPTION,UNITS,DAY,TIME,SCHED ID,ROOM,Name of Faculty,Google Classroom LINK(Use GRC Google Account),Modality,"Remarks on Changes, If Any (PH)",,
,AVE,Animation and Video Editing LEC,2,Sat,11:30 AM-01:30 PM,40206,ONLINE,MR. AM BAUTISTA,https://classroom.google.com/c/ODY5MDQ3NjY4NDY3?cjc=6b6wxznr,ONLINE,,,
,AVEL,Animation and Video Editing LAB,1,Fri,10:30 AM-01:30 PM,40208,LAB3,MR. AM BAUTISTA,,HYFLEX B,,,
,CPROG2,Computer Programming 2 LEC,2,Thu,07:30 AM-09:30 AM,40234,ONLINE,MR. TANAEL,https://classroom.google.com/c/ODY4ODUxOTQzNjQz?cjc=mwdpkuwv,ONLINE,,,
,CPROG2L,Computer Programming 2 LAB,1,Tue,05:00 PM-08:00 PM,40236,LAB1,MR. TANAEL,,HYFLEX B,,,
,DBMSYS,Database Management System LEC,2,Wed,02:00 PM-04:00 PM,40262,ONLINE,MR. MACINAS,https://classroom.google.com/c/ODU1NDQzMzEyODY3?cjc=kotou7bq,ONLINE,SAT 1:30 PM - 3:30 PM,,
,DBMSYSL,Database Management System LAB,1,Mon,02:00 PM-05:00 PM,40264,LAB2,MR. MACINAS,,HYFLEX B,,,
,ENVISCI,Environmental Science,3,Mon,06:00 PM-09:00 PM,40278,5A,MS. DE ASIS,https://classroom.google.com/c/ODY4ODc3NTczOTQ1?cjc=hteqvidq,HYFLEX B,,,
,IPT1,Integrative Programming Technologies 1 LEC,2,Tue,09:30 AM-11:30 AM,40304,ONLINE,MR. UMALI,https://classroom.google.com/c/ODY4NzE0MDI5ODU1?cjc=mtilnqtr,ONLINE,,,
,IPT1L,Integrative Programming Technologies 1 LAB,1,Mon,10:30 AM-01:30 PM,40306,LAB1,MR. UMALI,,HYFLEX B,,,
,LEAD 3,Leadership 3,1.5,Wed,10:30 AM-12:00 PM,40320,5E,Coach. Juvelyn Ticag,ytjwl6x5,HYFLEX A,,,
,NW1,Networking 1 LEC,2,Sat,09:30 AM-11:30 AM,40346,ONLINE,MR. AM BAUTISTA,https://classroom.google.com/c/Nzk4MzkxMjQxMDAy?cjc=j4j4xrhb,ONLINE,,,
,NW1L,Networking 1 LAB,1,Fri,07:30 AM-10:30 AM,40348,LAB3,MR. AM BAUTISTA,,HYFLEX B,,,
,PATHFIT3,Dance and Fitness Wellness,2,Tue,03:00 PM-05:00 PM,40362,PE ROOM,MR. SALAZAR,https://classroom.google.com/c/ODU1MzY0ODU2MTcy?cjc=ikh7o4ue,HYFLEX B,,,
,WST,Web System and Technologies LEC,2,Tue,07:30 AM-09:30 AM,40388,ONLINE,MR. JJ DELA CRUZ,https://classroom.google.com/c/ODcwMzEzMTc1MzQ5?cjc=4xx7wpk4,ONLINE,,,
,WSTL,Web System and Technologies LAB,1,Wed,07:30 AM-10:30 AM,40390,LAB1,MR. JJ DELA CRUZ,,HYFLEX A,,,
,********NOTHING FOLLOWS********,,24.5,********NOTHING FOLLOWS********,,,,,,,,,
,,,,,,,,,,,,,
,,,,,,,,,,,,,
IT 208,IT 208,,,,,,,,,,,,
,SUBJECT CODE,DESCRIPTION,SCHED ID,DAY,TIME,UNIT,ROOM,Name of Faculty,Google Classroom Code(Use GRC Google Account),Modality,"Remarks on Changes, If Any (PH)",,
,ADET,Application Development and Emerging Technologies LEC,33191,Fri,01:00 PM-03:00 PM,2,,MR. ANGAC,zqh7gyc,ONLINE,Tue 7:00 PM - 9:00 PM,,
,ADETL,Application Development and Emerging Technologies LAB,33189,Wed,10:30 AM-01:30 PM,1,LAB1,MR. ANGAC,,HYFLEX A,,,
,DBMSYS,Database Management System LEC,33193,Wed,07:00 PM-09:00 PM,2,,MS. NARCISO,gxyu3tq,ONLINE,,,
,DBMSYSL,Database Management System LAB,33195,Sat,05:00 PM-08:00 PM,1,LAB3,MS. NARCISO,,HYFLEX B,,,
,DSTRUC,Data Structures and Algorithms LEC,33185,Mon,07:30 AM-09:30 AM,2,,MS. FLORES,eojzgz3,ONLINE,,,
,DSTRUCL,Data Structures and Algorithms LAB,33187,Thu,02:00 PM-05:00 PM,1,LAB1,MS. FLORES,,HYFLEX A,,,
,LEAD 4,Leadership 4,33183,Wed,03:00 PM-04:30 PM,1.5,5E,Mariel Prado,6r3ury7,HYFLEX A,,,
,OOPR,Object Oriented Programming LEC,33199,Fri,04:00 PM-06:00 PM,2,,MR. GABRIEL,ksjbosb,ONLINE,,,
,OOPRL,Object Oriented Programming LAB,33197,Thu,06:00 PM-09:00 PM,1,LAB1,MR. GABRIEL,,HYFLEX A,,,
,PE 4,Team Sports,33179,Mon,03:00 PM-05:00 PM,2,TESDA HALL,MR. SALAZAR,kuwlh7x,HYFLEX A,,,
,SOSLIT,Sosyedad at Literatura,33181,Mon,06:00 PM-09:00 PM,3,5E,MR. DELGADO,5qqba2y,HYFLEX A,,,
,SYSARC1,System Integration and Architecture 1 LEC,33201,Fri,07:00 PM-09:00 PM,2,,MS. GARCIA,fllw64g,ONLINE,,,
,SYSARC1L,System Integration and Architecture 1 LAB,33203,Sat,02:00 PM-05:00 PM,1,5F,MS. GARCIA,,HYFLEX B,,,
,********NOTHING FOLLOWS********,,,,,20.5,,,,,,,
,,,,,,,,,,,,,
IT 301,IT 301,,,,,,,,,,,,
,SUBJECT CODE,DESCRIPTION,UNITS,DAY,TIME,SCHED ID,ROOM,Name of Faculty,Google Classroom LINK(Use GRC Google Account),Modality,"Remarks on Changes, If Any (PH)",,
,ARTAPP,Art Appreciation,3,Fri,05:00 PM-08:00 PM,40489,5A,MR. H. CORRALES,https://classroom.google.com/c/ODcwMzI5Mjc2MzAw?cjc=5ef4wxp4,HYFLEX B,,,
,BMC,Basic Mobile Computing LEC,2,Sat,01:30 PM-03:30 PM,40509,ONLINE,MR. R. VALENCIA,https://classroom.google.com/c/ODY5MDQ4ODE5Mzk2?cjc=pg45iaai,ONLINE,,,
,BMCL,Basic Mobile Computing LAB,1,Tue,02:00 PM-05:00 PM,40511,LAB3 ,MR. R. VALENCIA,,F2F,,,
,CAO,Computer Architecture and Organization LEC,2,Mon,07:30 AM-09:30 AM,40435,ONLINE,MR. J. CRUZ,https://classroom.google.com/c/ODY4ODgwMTA3NTc0?cjc=vse6qwjo,ONLINE,,,
,CAOL,Computer Architecture and Organization LAB,1,Wed,07:30 AM-10:30 AM,40439,LAB3 ,MR. J. CRUZ,,HYFLEX B,,,
,DMATH,Discrete Mathematics,3,Sat,10:30 AM-01:30 PM,40555,5B,MS. SANTIAGO,https://classroom.google.com/c/Nzk4MzU3OTYzNzQ3?cjc=dip26gvd,HYFLEX A,,,
,LEAD 5,Leadership 5,1.5,Tue,09:00 AM-10:30 AM,40728,5E,Coach. Juvelyn Ticag,oqjulf6n,HYFLEX B,,,
,PRELEC2,Professional Elective 2 LEC,2,Fri,11:30 AM-01:30 PM,40601,ONLINE,MR. CACHO,https://classroom.google.com/c/Nzk4Mzk1MTg5NDI3?cjc=qj3qwv3c,ONLINE,,,
,PRELEC2L,Professional Elective 2 LAB,1,Tue,10:30 AM-01:30 PM,40603,LAB2,MR. CACHO,,F2F,,,
,PT,Platform Technologies LEC,2,Mon,09:30 AM-11:30 AM,40569,ONLINE,MR. A BAUTISTA,https://meet.google.com/hag-kgvd-cmb,ONLINE,,,
,PTL,Platform Technologies LAB,1,Fri,02:00 PM-05:00 PM,40571,LAB1,MR. A BAUTISTA,,HYFLEX B,,,
,SIA2,System Integration and Architecture 2 LEC,2,Tue,07:00 PM-09:00 PM,40661,ONLINE,MS. GARCIA,https://classroom.google.com/c/ODY4ODgyMDg2OTYw?cjc=stali6m7,ONLINE,,,
,SIA2L,System Integration and Architecture 2 LAB,1,Sat,07:30 AM-10:30 AM,40666,LAB4,MS. GARCIA,,HYFLEX A,,,
,********NOTHING FOLLOWS********,,22.5,********NOTHING FOLLOWS********,,,,,,,,,
,,,,,,,,,,,,,
,,,,,,,,,,,,,
IT 302,IT 302,,,,,,,,,,,,
,SUBJECT CODE,DESCRIPTION,UNITS,DAY,TIME,SCHED ID,ROOM,Name of Faculty,Google Classroom LINK(Use GRC Google Account),Modality,"Remarks on Changes, If Any (PH)",,
,ARTAPP,Art Appreciation,3,Wed,07:30 AM-10:30 AM,40491,5A,MS. ACOSTA,https://classroom.google.com/c/ODY5MDExNjU3NzEy?cjc=lw4wxf2t,HYFLEX B,,,
,BMC,Basic Mobile Computing LEC,2,Sat,03:30 PM-05:30 PM,40513,ONLINE,MR. R. VALENCIA,https://classroom.google.com/c/ODY5MDQ4MzA0MzA0?cjc=bra35f2o,ONLINE,,,
,BMCL,Basic Mobile Computing LAB,1,Tue,10:30 AM-01:30 PM,40515,LAB3 ,MR. R. VALENCIA,,F2F,,,
,CAO,Computer Architecture and Organization LEC,2,Mon,09:30 AM-11:30 AM,40441,ONLINE,MR. J. CRUZ,https://classroom.google.com/c/ODY4ODgwOTM4MjIy?cjc=25s6xmp4,ONLINE,,,
,CAOL,Computer Architecture and Organization LAB,1,Wed,10:30 AM-01:30 PM,40445,LAB3 ,MR. J. CRUZ,,HYFLEX B,,,
,DMATH,Discrete Mathematics,3,Sat,07:30 AM-10:30 AM,40557,5B,MS. SANTIAGO,https://classroom.google.com/c/ODU1Mzg2OTIxNTMw?cjc=jztrbrkj,HYFLEX A,,,
,LEAD 5,Leadership 5,1.5,Mon,12:00 PM-01:30 PM,40730,5E,Coach. Jude Salonga,x3rk4rns ,HYFLEX A,,,
,PRELEC2,Professional Elective 2 LEC,2,Wed,07:00 PM-09:00 PM,40613,ONLINE,MR. CACHO,https://classroom.google.com/c/ODcwMjYyNTE4MTQw?cjc=ojkwbv43,ONLINE,,,
,PRELEC2L,Professional Elective 2 LAB,1,Tue,07:30 AM-10:30 AM,40618,LAB2,MR.CACHO,,F2F,,,
,PT,Platform Technologies LEC,2,Wed,05:00 PM-07:00 PM,40573,ONLINE,MR. RODRIGO,https://classroom.google.com/c/ODU1NDM3NTE2NjA3?cjc=5fr3pzei,ONLINE,MON 7:30 AM - 9:30 AM,,
,PTL,Platform Technologies LAB,1,Mon,02:00 PM-05:00 PM,40575,LAB1,MR. RODRIGO,,HYFLEX A,,,
,SIA2,System Integration and Architecture 2 LEC,2,Tue,05:00 PM-07:00 PM,40679,ONLINE,MS. GARCIA,https://classroom.google.com/c/ODU1Mzg4NjE3MDcy?cjc=mfzllhlj,ONLINE,,,
,SIA2L,System Integration and Architecture 2 LAB,1,Sat,10:30 AM-01:30 PM,40681,LAB4,MS. GARCIA,,HYFLEX A,,,
,********NOTHING FOLLOWS********,,22.5,********NOTHING FOLLOWS********,,,,,,,,,
,,,,,,,,,,,,,
,,,,,,,,,,,,,
IT 303,IT 303,,,,,,,,,,,,
,SUBJECT CODE,DESCRIPTION,UNITS,DAY,TIME,SCHED ID,ROOM,Name of Faculty,Google Classroom LINK(Use GRC Google Account),Modality,"Remarks on Changes, If Any (PH)",,
,ARTAPP,Art Appreciation,3,Wed,05:00 PM-08:00 PM,40496,3A,MS. DE ASIS,https://classroom.google.com/c/ODY4ODgwOTIzMzIy?cjc=biuflmrb,HYFLEX B,,,
,BMC,Basic Mobile Computing LEC,2,Sat,11:30 AM-01:30 PM,40517,ONLINE,MR. R. VALENCIA,https://classroom.google.com/c/ODY5MDQ4MzcyODQz?cjc=c6fwmygy,ONLINE,,,
,BMCL,Basic Mobile Computing LAB,1,Tue,05:00 PM-08:00 PM,40519,LAB3 ,MR. R. VALENCIA,,F2F,,,
,CAO,Computer Architecture and Organization LEC,2,Mon,03:30 PM-05:30 PM,40449,ONLINE,MR. J. CRUZ,https://classroom.google.com/c/ODY4ODgwOTM0MTI0?cjc=4b3qiupv,ONLINE,,,
,CAOL,Computer Architecture and Organization LAB,1,Wed,02:00 PM-05:00 PM,40451,LAB3 ,MR. J. CRUZ,,HYFLEX B,,,
,DMATH,Discrete Mathematics,3,Sat,05:00 PM-08:00 PM,40559,5B,MS. SANTIAGO,https://classroom.google.com/c/ODY4ODc1NDA4MDkx?cjc=vsrt6qbo,HYFLEX A,,,
,LEAD 5,Leadership 5,1.5,Mon,01:30 PM-03:00 PM,40732,5E,Coach. Rodolfo P. Loreto,https://classroom.google.com/c/ODcwMzgyMjE1MDIy?cjc=oofdvnl2,HYFLEX A,,,
,PRELEC2,Professional Elective 2 LEC,2,Fri,05:30 PM-07:30 PM,40622,ONLINE,MR.CACHO,https://classroom.google.com/c/ODU1NDQ0MDQ1OTM5?cjc=iad7blzc,ONLINE,,,
,PRELEC2L,Professional Elective 2 LAB,1,Tue,02:00 PM-05:00 PM,40624,LAB2,MR.CACHO,,F2F,,,
,PT,Platform Technologies LEC,2,Wed,10:30 AM-12:30 PM,40577,ONLINE,MR. RODRIGO,https://classroom.google.com/c/ODU1NDM3NDg3Mjc2?cjc=2sbasn4t,ONLINE,THU 5:00 PM - 7:00 PM,,
,PTL,Platform Technologies LAB,1,Mon,10:30 AM-01:30 PM,40579,LAB1,MR. RODRIGO,,HYFLEX A,,,
,SIA2,System Integration and Architecture 2 LEC,2,Thu,07:00 PM-09:00 PM,40706,ONLINE,MS. GARCIA,https://classroom.google.com/c/ODY4ODgyMjgyNTE3?cjc=ancj5ag6,ONLINE,,,
,SIA2L,System Integration and Architecture 2 LAB,1,Sat,02:00 PM-05:00 PM,40708,LAB4,MS. GARCIA,,HYFLEX A,,,
,********NOTHING FOLLOWS********,,22.5,********NOTHING FOLLOWS********,,,,,,,,, 
,,,,,,,,,,,,,
,,,,,,,,,,,,,
IT 304,IT 304,,,,,,,,,,,,
,SUBJECT CODE,DESCRIPTION,UNITS,DAY,TIME,SCHED ID,ROOM,Name of Faculty,Google Classroom LINK(Use GRC Google Account),Modality,"Remarks on Changes, If Any (PH)",,
,ARTAPP,Art Appreciation,3,Fri,02:00 PM-05:00 PM,40498,3B,MS. DE ASIS,https://classroom.google.com/c/ODY4ODc4ODA2NzEz?cjc=l2fhgpy3,HYFLEX B,,,
,BMC,Basic Mobile Computing LEC,2,Wed,07:30 AM-09:30 AM,40521,ONLINE,MR. CACHO,https://classroom.google.com/c/ODY4NzE2MzA0OTg1?cjc=kgd2bpbx,ONLINE,,,
,BMCL,Basic Mobile Computing LAB,1,Mon,10:30 AM-01:30 PM,40523,LAB3 ,MR. CACHO,,F2F,,,
,CAO,Computer Architecture and Organization LEC,2,Mon,01:30 PM-03:30 PM,40453,ONLINE,MR. J. CRUZ,https://classroom.google.com/c/ODY4ODgxNjIzNjUw?cjc=xojrzpym,ONLINE,,,
,CAOL,Computer Architecture and Organization LAB,1,Wed,05:00 PM-08:00 PM,40455,LAB3 ,MR. J. CRUZ,,HYFLEX B,,,
,DMATH,Discrete Mathematics,3,Sat,02:00 PM-05:00 PM,40561,5B,MS. SANTIAGO,https://classroom.google.com/c/ODY4ODc1NzQ0MDgz?cjc=prtweau4,HYFLEX A,,,
,LEAD 5,Leadership 5,1.5,Wed,03:00 PM-04:30 PM,40734,5E,Coach. Juvelyn Ticag,7ne3l43f,HYFLEX B,CHANGED TO: FRI. 9:00 - 10:30,,
,PRELEC2,Professional Elective 2 LEC,2,Wed,11:30 AM-01:30 PM,40627,ONLINE,MR. CACHO,https://classroom.google.com/c/ODU1MzQ1OTg4NjIy?cjc=576nqorc,ONLINE,,,
,PRELEC2L,Professional Elective 2 LAB,1,Mon,07:30 AM-10:30 AM,40630,LAB3 ,MR. CACHO,,F2F,,,
,PT,Platform Technologies LEC,2,Mon,03:30 PM-05:30 PM,40581,ONLINE,MR. A BAUTISTA,https://meet.google.com/wvx-wqsd-tam,ONLINE,,,
,PTL,Platform Technologies LAB,1,Fri,10:30 AM-01:30 PM,40583,LAB1,MR. A BAUTISTA,,HYFLEX B,,,
,SIA2,System Integration and Architecture 2 LEC,2,Thu,05:00 PM-07:00 PM,40710,ONLINE,MS. GARCIA,https://classroom.google.com/c/ODU1Mzg4MDAxNjM4?cjc=xl7atdjw,ONLINE,,,
,SIA2L,System Integration and Architecture 2 LAB,1,Sat,05:00 PM-08:00 PM,40712,LAB4,MS. GARCIA,,HYFLEX A,,,
,********NOTHING FOLLOWS********,,22.5,********NOTHING FOLLOWS********,,,,,,,,,
,,,,,,,,,,,,,
,,,,,,,,,,,,,
IT 305,IT 305,,,,,,,,,,,,
,SUBJECT CODE,DESCRIPTION,UNITS,DAY,TIME,SCHED ID,ROOM,Name of Faculty,Google Classroom LINK(Use GRC Google Account),Modality,"Remarks on Changes, If Any (PH)",,
,ARTAPP,Art Appreciation,3,Tue,03:00 PM-06:00 PM,40503,3A,MR. GERONIMO,,HYFLEX A,,,
,BMC,Basic Mobile Computing LEC,2,Fri,09:30 AM-11:30 PM,40525,ONLINE,MR. CACHO,https://classroom.google.com/c/ODU1MzQzNDI4MTE5?cjc=r37vrqkh,ONLINE,,,
,BMCL,Basic Mobile Computing LAB,1,Thu,07:30 AM-10:30 AM,40527,LAB3 ,MR. CACHO,,F2F,,,
,CAO,Computer Architecture and Organization LEC,2,Mon,07:00 PM-09:00 PM,40461,ONLINE,MR. ESGUERRA,https://classroom.google.com/c/Nzk4MzY4NDkyNzk3?cjc=ww2ikeaf,ONLINE,,,
,CAOL,Computer Architecture and Organization LAB,1,Tue,06:00 PM-09:00 PM,40463,LAB1,MR. ESGUERRA,,HYFLEX A,,,
,DMATH,Discrete Mathematics,3,Sat,07:30 AM-10:30 AM,40563,5H,MS. ASIA,https://classroom.google.com/c/ODU1MzgxMzI5Nzgw?cjc=mq5wwatu,HYFLEX A,,,
,LEAD 5,Leadership 5,1.5,Tue,09:00 AM-10:30 AM,40736,5E,Coach. Mariel Prado,dlso3jhz,HYFLEX A,,,
,PRELEC2,Professional Elective 2 LEC,2,Fri,07:30 AM-09:30 AM,40636,ONLINE,MR. CACHO,https://classroom.google.com/c/Nzk4MzI4MzU4MTI2?cjc=znpter5i,ONLINE,,,
,PRELEC2L,Professional Elective 2 LAB,1,Thu,10:30 AM-01:30 PM,40639,LAB3 ,MR. CACHO,,F2F,,,
,PT,Platform Technologies LEC,2,Wed,07:00 PM-09:00 PM,40585,ONLINE,MR. RODRIGO,https://classroom.google.com/c/ODcwMjQzNDk5ODcy?cjc=6zn36qxr,ONLINE,,,
,PTL,Platform Technologies LAB,1,Tue,10:30 AM-01:30 PM,40587,LAB1,MR. RODRIGO,,HYFLEX A,,,
,SIA2,System Integration and Architecture 2 LEC,2,Thu,07:00 PM-09:00 PM,40716,ONLINE,MR. R. QUINTO JR.,https://classroom.google.com/c/ODU1NDQ4NjMyNjM1?cjc=7b2mpgkn,ONLINE,,,
,SIA2L,System Integration and Architecture 2 LAB,1,Sat,10:30 AM-01:30 PM,40718,LAB3 ,MR. R. QUINTO JR.,,HYFLEX A,,,
,********NOTHING FOLLOWS********,,22.5,********NOTHING FOLLOWS********,,,,,,,,,
,,,,,,,,,,,,,
,,,,,,,,,,,,,
IT 306,IT 306,,,,,,,,,,,,
,SUBJECT CODE,DESCRIPTION,UNITS,DAY,TIME,SCHED ID,ROOM,Name of Faculty,Google Classroom LINK(Use GRC Google Account),Modality,"Remarks on Changes, If Any (PH)",,
,ARTAPP,Art Appreciation,3,Fri,10:30 AM-01:30 PM,40505,3A,MS. DE ASIS,https://classroom.google.com/c/ODU1Mzg2Njc1NjAy?cjc=6ufktycw,HYFLEX B,,,
,BMC,Basic Mobile Computing LEC,2,Fri,03:30 PM-05:30 PM,40538,ONLINE,MR. CACHO,https://classroom.google.com/c/ODY4NzE3NjQ4MDk2?cjc=hzuf4ofq,ONLINE,,,
,BMCL,Basic Mobile Computing LAB,1,Thu,05:00 PM-08:00 PM,40543,LAB3 ,MR. CACHO,,F2F,,,
,CAO,Computer Architecture and Organization LEC,2,Mon,05:00 PM-07:00 PM,40465,ONLINE,MR. ESGUERRA,https://classroom.google.com/c/ODY4OTM4OTk0NTU3?cjc=n73xounb,ONLINE,,,
,CAOL,Computer Architecture and Organization LAB,1,Wed,06:00 PM-09:00 PM,40467,LAB1,MR. ESGUERRA,,HYFLEX A,,,
,DMATH,Discrete Mathematics,3,Sat,10:30 AM-01:30 PM,40565,5H,MS. ASIA,https://classroom.google.com/c/ODU1MzgxNTEyNjI3?cjc=6flygaw6,HYFLEX A,,,
,LEAD 5,Leadership 5,1.5,Wed,04:30 PM-06:00 PM,40738,5E,Coach. Jude Salonga,wtexrf3p ,HYFLEX A,,,
,PRELEC2,Professional Elective 2 LEC,2,Fri,01:30 PM-03:30 PM,40645,ONLINE,MR. CACHO,https://classroom.google.com/c/ODY4NzE1Mjk3MjA2?cjc=loan5h53,ONLINE,,,
,PRELEC2L,Professional Elective 2 LAB,1,Thu,02:00 PM-05:00 PM,40647,LAB3 ,MR. CACHO,,F2F,,,
,PT,Platform Technologies LEC,2,Mon,07:00 PM-09:00 PM,40589,ONLINE,MR. A BAUTISTA,https://meet.google.com/onj-bani-zhi,ONLINE,,,
,PTL,Platform Technologies LAB,1,Fri,07:30 AM-10:30 AM,40593,LAB1,MR. A BAUTISTA,,HYFLEX B,,,
,SIA2,System Integration and Architecture 2 LEC,2,Fri,07:00 PM-09:00 PM,40720,ONLINE,MR. R. QUINTO JR.,https://classroom.google.com/c/ODcwMjgwMzA4NDgz?cjc=u7aggul2,ONLINE,,,
,SIA2L,System Integration and Architecture 2 LAB,1,Sat,02:00 PM-05:00 PM,40722,LAB3 ,MR. R. QUINTO JR.,,HYFLEX A,,,
,********NOTHING FOLLOWS********,,22.5,********NOTHING FOLLOWS********,,,,,,,,,
,,,,,,,,,,,,,
,,,,,,,,,,,,,
IT 307,IT 307,,,,,,,,,,,,
,SUBJECT CODE,DESCRIPTION,UNITS,DAY,TIME,SCHED ID,ROOM,Name of Faculty,Google Classroom LINK(Use GRC Google Account),Modality,"Remarks on Changes, If Any (PH)",,
,ARTAPP,Art Appreciation,3,Thu,02:00 PM-05:00 PM,40507,5F,MS. DELARMENTE,https://classroom.google.com/c/ODY4ODkzNTUyNDg5?cjc=3pt35xmr,HYFLEX A,,,
,BMC,Basic Mobile Computing LEC,2,Wed,05:00 PM-07:00 PM,40545,ONLINE,MR. CACHO,https://classroom.google.com/c/ODY4NzE3MDA4Mjky?cjc=oss2jo5v,ONLINE,,,
,BMCL,Basic Mobile Computing LAB,1,Mon,05:00 PM-08:00 PM,40547,LAB3 ,MR. CACHO,,F2F,,,
,CAO,Computer Architecture and Organization LEC,2,Fri,07:00 PM-09:00 PM,40471,ONLINE,MR. ESGUERRA,https://classroom.google.com/c/ODU1NDAyMTk5NjI2?cjc=uggbyic2,ONLINE,,,
,CAOL,Computer Architecture and Organization LAB,1,Thu,06:00 PM-09:00 PM,40473,LAB1,MR. ESGUERRA,,HYFLEX A,,,
,DMATH,Discrete Mathematics,3,Sat,02:00 PM-05:00 PM,40567,5H,MS. ASIA,https://classroom.google.com/c/ODY4ODUxODg0MTE5?cjc=rtyf2y4z,HYFLEX A,,,
,LEAD 5,Leadership 5,1.5,Thu,12:00 PM-01:30 PM,40740,5E,Coach. Jude Salonga,rn6y7ciw ,HYFLEX A,,,
,PRELEC2,Professional Elective 2 LEC,2,Wed,03:00 PM-05:00 PM,40649,ONLINE,MR. CACHO,https://classroom.google.com/c/Nzk4MzI4MzE2MTY0?cjc=ndgg5mbk,ONLINE,,,
,PRELEC2L,Professional Elective 2 LAB,1,Mon,02:00 PM-05:00 PM,40655,LAB3 ,MR. CACHO,,F2F,,,
,PT,Platform Technologies LEC,2,Wed,12:30 PM-02:30 PM,40595,ONLINE,MR. RODRIGO,https://classroom.google.com/c/ODcwMjQzODU1MDMz?cjc=fv52mvef,ONLINE,FRI 3:00 PM - 5:00 PM,,
,PTL,Platform Technologies LAB,1,Tue,02:00 PM-05:00 PM,40597,LAB1,MR. RODRIGO,,HYFLEX A,,,
,SIA2,System Integration and Architecture 2 LEC,2,Tue,05:00 PM-07:00 PM,40724,ONLINE,MR. R. QUINTO JR.,https://classroom.google.com/c/ODU1NDQ3NDc5ODYz?cjc=6rxgqezd,ONLINE,,,
,SIA2L,System Integration and Architecture 2 LAB,1,Sat,05:00 PM-08:00 PM,40726,LAB3 ,MR. R. QUINTO JR.,,HYFLEX A,,,
,********NOTHING FOLLOWS********,,22.5,********NOTHING FOLLOWS********,,,,,,,,,
,,,,,,,,,,,,,
,,,,,,,,,,,,,
,,,,,,,,,,,,,
,,,,,,,,,,,,,
IT 401,IT 401,,,,,,,,,,,,
,SUBJECT CODE,DESCRIPTION,UNITS,DAY,TIME,SCHED ID,ROOM,Name of Faculty,Google Classroom LINK(Use GRC Google Account),Modality,"Remarks on Changes, If Any (PH)",,
,BUSANA,Business Analytics,3,Fri,10:30 AM-01:30 PM,40872,LAB2,MR. VALENCIA,https://classroom.google.com/c/ODY5MDQ3ODMzNDA4?cjc=vzfjs5bu,HYFLEX A,,,
,CAPS2,Capstone Project and Research 2 LEC,2,Thu,09:30 AM-11:30 AM,40886,ONLINE,MS. MAUPAY,https://classroom.google.com/c/ODY4ODg1OTI2OTUy?cjc=ggtjprza,ONLINE,,,
,CAPS2L,Capstone Project and Research 2 LAB,1,Sat,07:30 AM-10:30 AM,40888,LAB1,MS. MAUPAY,,HYFLEX A,,,
,IAS2,Information Assurance and Security 2 LEC,2,Thu,07:30 AM-09:30 AM,40914,ONLINE,MS. DELOS SANTOS,https://classroom.google.com/c/ODU1MzkyMDc1MzYy?cjc=n4g2z5ce,ONLINE,,,
,IAS2L,Information Assurance and Security 2 LAB,1,Sat,10:30 AM-01:30 PM,40916,LAB2,MS. DELOS SANTOS,,HYFLEX A,,,
,LEAD 7,Leadership 7,1.5,Sat,01:30 PM-03:00 PM,40942,5E,Coach. Mariel Prado,hocm47lx,HYFLEX A,,,
,SPI,Social and Professional Issues,3,Fri,07:30 AM-10:30 AM,40956,3B,MS. TARRAYA,https://classroom.google.com/c/ODcwNDQ2ODg4MjM0?cjc=4rsnvktg,HYFLEX A,,,
,********NOTHING FOLLOWS********,,13.5,********NOTHING FOLLOWS********,,,,,,,,,
,,,,,,,,,,,,,
,,,,,,,,,,,,,
IT 402,IT 402,,,,,,,,,,,,
,SUBJECT CODE,DESCRIPTION,UNITS,DAY,TIME,SCHED ID,ROOM,Name of Faculty,Google Classroom LINK(Use GRC Google Account),Modality,"Remarks on Changes, If Any (PH)",,
,BUSANA,Business Analytics,3,Fri,02:00 PM-05:00 PM,40874,LAB2,MR. VALENCIA,https://classroom.google.com/c/ODY5MDQ2NTc2MDM1?cjc=evxz3q3y,HYFLEX A,,,
,CAPS2,Capstone Project and Research 2 LEC,2,Thu,07:30 AM-09:30 AM,40890,ONLINE,MS. MAUPAY,https://classroom.google.com/c/ODY4ODg3MDM0Njcx?cjc=yk5sizkn,ONLINE,,,
,CAPS2L,Capstone Project and Research 2 LAB,1,Sat,10:30 AM-01:30 PM,40892,LAB1,MS. MAUPAY,,HYFLEX A,,,
,IAS2,Information Assurance and Security 2 LEC,2,Thu,11:30 AM-01:30 PM,40918,ONLINE,MS. DELOS SANTOS,https://classroom.google.com/c/ODY4NzE2NTQ5NTYx?cjc=ekhbr6fw,ONLINE,,,
,IAS2L,Information Assurance and Security 2 LAB,1,Sat,07:30 AM-10:30 AM,40920,LAB2,MS. DELOS SANTOS,,HYFLEX A,,,
,LEAD 7,Leadership 7,1.5,Fri,09:00 AM-10:30 AM,40944,5E,Coach. Jude Salonga,5byghsox,HYFLEX A,,,
,SPI,Social and Professional Issues,3,Fri,10:30 AM-01:30 PM,40958,3B,MS. TARRAYA,https://classroom.google.com/c/ODcwNDQ3MTA5ODYw?cjc=lzhzhd3d,HYFLEX A,,,
,********NOTHING FOLLOWS********,,13.5,********NOTHING FOLLOWS********,,,,,,,,,
,,,,,,,,,,,,,
,,,,,,,,,,,,,
IT 403,IT 403,,,,,,,,,,,,
,SUBJECT CODE,DESCRIPTION,UNITS,DAY,TIME,SCHED ID,ROOM,Name of Faculty,Google Classroom LINK(Use GRC Google Account),Modality,"Remarks on Changes, If Any (PH)",,
,BUSANA,Business Analytics,3,Thu,02:00 PM-05:00 PM,40876,LAB2,MR. VALENCIA,https://classroom.google.com/c/ODY5MDQ4OTM1MTg2?cjc=wtrqcrp2,HYFLEX A,,,
,CAPS2,Capstone Project and Research 2 LEC,2,Thu,11:30 AM-01:30 PM,40894,ONLINE,MS. MAUPAY,https://classroom.google.com/c/ODY4ODg1MDU4Nzkz?cjc=qmntcwt5,ONLINE,,,
,CAPS2L,Capstone Project and Research 2 LAB,1,Sat,02:00 PM-05:00 PM,40896,LAB1,MS. MAUPAY,,HYFLEX A,,,
,IAS2,Information Assurance and Security 2 LEC,2,Thu,09:30 AM-11:30 AM,40922,ONLINE,MS. DELOS SANTOS,https://classroom.google.com/c/ODU1MzkyNzE2NDAx?cjc=q2pd3alp,ONLINE,,,
,IAS2L,Information Assurance and Security 2 LAB,1,Sat,05:00 PM-08:00 PM,40924,LAB2,MS. DELOS SANTOS,,HYFLEX A,,,
,LEAD 7,Leadership 7,1.5,Sat,12:00 PM-01:30 PM,40946,5E,Coach. Rodolfo P. Loreto,https://classroom.google.com/c/Nzk4NDA4Nzc2MDgw?cjc=kv42zewt,HYFLEX A,,,
,SPI,Social and Professional Issues,3,Thu,05:00 PM-08:00 PM,40960,3B,MR. DADOR,https://classroom.google.com/c/Nzk4NDI3NTQ0NDI5?cjc=ooyqykry,HYFLEX A,,,
,********NOTHING FOLLOWS********,,13.5,********NOTHING FOLLOWS********,,,,,,,,,
,,,,,,,,,,,,,
,,,,,,,,,,,,,
IT 404,IT 404,,,,,,,,,,,,
,SUBJECT CODE,DESCRIPTION,UNITS,DAY,TIME,SCHED ID,ROOM,Name of Faculty,Google Classroom LINK(Use GRC Google Account),Modality,"Remarks on Changes, If Any (PH)",,
,BUSANA,Business Analytics,3,Fri,05:00 PM-08:00 PM,40878,LAB2,MR. VALENCIA,https://classroom.google.com/c/ODY5MDQ5MDc0NjYx?cjc=xc7jx4f3,HYFLEX A,,,
,CAPS2,Capstone Project and Research 2 LEC,2,Thu,01:30 PM-03:30 PM,40898,ONLINE,MS. MAUPAY,https://classroom.google.com/c/ODY4ODg3MzM5MTc0?cjc=btqmiyir,ONLINE,,,
,CAPS2L,Capstone Project and Research 2 LAB,1,Sat,05:00 PM-08:00 PM,40900,LAB1,MS. MAUPAY,,HYFLEX A,,,
,IAS2,Information Assurance and Security 2 LEC,2,Thu,03:30 PM-05:30 PM,40926,ONLINE,MS. DELOS SANTOS,https://classroom.google.com/c/ODY4ODk5MDcyMjA2?cjc=or5oapaz,ONLINE,,,
,IAS2L,Information Assurance and Security 2 LAB,1,Sat,02:00 PM-05:00 PM,40928,LAB2,MS. DELOS SANTOS,,HYFLEX A,,,
,LEAD 7,Leadership 7,1.5,Fri,12:00 PM-01:30 PM,40948,5E,Coach. Juvelyn Ticag,a54ysddy,HYFLEX A,,,
,SPI,Social and Professional Issues,3,Fri,02:00 PM-05:00 PM,40962,3B,MS. TARRAYA,https://classroom.google.com/c/ODcwNDQ3MDk2MDI1?cjc=msrmtz7c,HYFLEX A,,,
,********NOTHING FOLLOWS********,,13.5,********NOTHING FOLLOWS********,,,,,,,,,
,,,,,,,,,,,,,
,,,,,,,,,,,,,
IT 405,IT 405,,,,,,,,,,,,
,SUBJECT CODE,DESCRIPTION,UNITS,DAY,TIME,SCHED ID,ROOM,Name of Faculty,Google Classroom LINK(Use GRC Google Account),Modality,"Remarks on Changes, If Any (PH)",,
,BUSANA,Business Analytics,3,Mon,02:00 PM-05:00 PM,40880,LAB2,MR. VALENCIA,https://classroom.google.com/c/ODY5MDQ4OTg0NTcy?cjc=26w74xem,HYFLEX A,,,
,CAPS2,Capstone Project and Research 2 LEC,2,Tue,05:00 PM-07:00 PM,40902,ONLINE,MR. RODRIGO,https://classroom.google.com/c/ODY4ODczMTg2Mzcz?cjc=pgvqczkl,ONLINE,,,
,CAPS2L,Capstone Project and Research 2 LAB,1,Wed,07:30 AM-10:30 AM,40904,LAB1,MR. RODRIGO,,HYFLEX B,,,
,IAS2,Information Assurance and Security 2 LEC,2,Tue,07:00 PM-09:00 PM,40930,ONLINE,MR. BORJA,https://classroom.google.com/c/ODY5MDA5NTYxMTU2?cjc=tp55bb2d,ONLINE,,,
,IAS2L,Information Assurance and Security 2 LAB,1,Mon,05:00 PM-08:00 PM,40932,LAB2,MR. BORJA,,HYFLEX A,,,
,LEAD 7,Leadership 7,1.5,Wed,12:00 PM-01:30 PM,40950,5E,Coach. Mariel Prado,zvt5sq2k,,,,
,SPI,Social and Professional Issues,3,Mon,10:30 AM-01:30 PM,40964,5A,MR. DADOR,https://classroom.google.com/c/ODcwNTQ0NTE2NzA3?cjc=fhoqb3bj,HYFLEX A,TUE 2:00 PM - 5:00 PM,,
,********NOTHING FOLLOWS********,,13.5,********NOTHING FOLLOWS********,,,,,,,,,
,,,,,,,,,,,,,
,,,,,,,,,,,,,
IT 406,IT 406,,,,,,,,,,,,
,SUBJECT CODE,DESCRIPTION,UNITS,DAY,TIME,SCHED ID,ROOM,Name of Faculty,Google Classroom LINK(Use GRC Google Account),Modality,"Remarks on Changes, If Any (PH)",,
,BUSANA,Business Analytics,3,Mon,10:30 AM-01:30 PM,40882,LAB2,MR. VALENCIA,https://classroom.google.com/c/ODY5MDQ4NjgwOTgy?cjc=xuyzncgl,HYFLEX A,,,
,CAPS2,Capstone Project and Research 2 LEC,2,Tue,07:00 PM-09:00 PM,40906,ONLINE,MR. RODRIGO,https://classroom.google.com/c/ODY4ODc1OTg1MzM3?cjc=o5xjdlh6,ONLINE,,,
,CAPS2L,Capstone Project and Research 2 LAB,1,Wed,10:30 AM-01:30 PM,40908,LAB1,MR. RODRIGO,,HYFLEX B,,,
,IAS2,Information Assurance and Security 2 LEC,2,Tue,05:00 PM-07:00 PM,40934,ONLINE,MR. BORJA,https://classroom.google.com/c/ODY5MDAwNzg1MDEx?cjc=vrzbv7m2,ONLINE,,,
,IAS2L,Information Assurance and Security 2 LAB,1,Thu,05:00 PM-08:00 PM,40936,LAB4,MR. BORJA,,HYFLEX A,,,
,LEAD 7,Leadership 7,1.5,Wed,07:30 AM-09:00 AM,40952,5E,Coach. Juvelyn Ticag,xml52ouu,HYFLEX A,,,
,SPI,Social and Professional Issues,3,Mon,07:30 AM-10:30 AM,40966,5A,MR. VALENCIA,https://classroom.google.com/c/ODcwNDIzOTQwNTE1?cjc=2dzt4w2s,HYFLEX A,,,
,********NOTHING FOLLOWS********,,13.5,********NOTHING FOLLOWS********,,,,,,,,,
,,,,,,,,,,,,,
,,,,,,,,,,,,,
IT 407,IT 407,,,,,,,,,,,,
,SUBJECT CODE,DESCRIPTION,UNITS,DAY,TIME,SCHED ID,ROOM,Name of Faculty,Google Classroom LINK(Use GRC Google Account),Modality,"Remarks on Changes, If Any (PH)",,
,BUSANA,Business Analytics,3,Thu,05:00 PM-08:00 PM,40884,LAB2,MR. VALENCIA,https://classroom.google.com/c/ODY5MDQ2OTUyNjQ4?cjc=e3kljzzf,HYFLEX A,,,
,CAPS2,Capstone Project and Research 2 LEC,2,Fri,01:00 PM-03:00 PM,40910,ONLINE,MR. RODRIGO,https://classroom.google.com/c/ODY4ODc2NjI3MDIy?cjc=lfcwnxus,ONLINE,,,
,CAPS2L,Capstone Project and Research 2 LAB,1,Wed,02:00 PM-05:00 PM,40912,LAB1,MR. RODRIGO,,HYFLEX B,,,
,IAS2,Information Assurance and Security 2 LEC,2,Fri,03:00 PM-05:00 PM,40938,ONLINE,MR. BORJA,https://classroom.google.com/c/ODY5MDA0Mzg4NDA0?cjc=vb5s67x6,ONLINE,,,
,IAS2L,Information Assurance and Security 2 LAB,1,Fri,05:00 PM-08:00 PM,40940,LAB1,MR. BORJA,,HYFLEX A,,,
,LEAD 7,Leadership 7,1.5,Wed,12:00 PM-01:30 PM,40954,5E,Coach. Jude Salonga,pn4b66m7,HYFLEX A,,,
,SPI,Social and Professional Issues,3,Thu,02:00 PM-05:00 PM,40968,5A,MR. DADOR,https://classroom.google.com/c/Nzk4NDI3MTE3MzEx?cjc=oxmjqou5,HYFLEX A,WED 5:00 PM - 8:00 PM,,
,********NOTHING FOLLOWS********,,13.5,********NOTHING FOLLOWS********,,,,,,,,,